{
  "return": 33.12498830616978,
  "cost": -337157.4030538794,
  "curtail": 521.5964984980585,
  "export": 588.5412651548379,
  "import": 539.6600171751284,
  "ramp": 771.5093986410146,
  "episodes": 20,
  "deterministic": true
}