return,cost,curtail,export,import,ramp,episodes,deterministic,expert_id
29.469293709164468,-300325.48174918693,493.85719830064517,557.4154974563897,535.9000474772106,736.0576801320703,20,True,0
101.44519535133165,-1023317.8106079788,1123.941172355735,1205.4651710117882,315.6068955442346,1165.9685513194383,20,True,1
80.70887735760276,-817501.530635344,1020.5916985926522,1133.2721626241998,557.413550435342,1367.8380909373384,20,True,2
60.65169069861626,-614591.7204443369,710.5066311505718,806.9700294254674,372.4518064726698,1061.3957252543244,20,True,3
113.3287389916519,-1141631.6309410676,1143.9178774458292,1265.9779886596932,307.9297252314319,1092.2791876051492,20,True,4
