{
  "config_path": "phase2_config.yaml",
  "episodes_per_expert": 20,
  "stochastic_policy": false,
  "num_experts": 5,
  "total_days": 365,
  "days_per_label": {
    "0": 116,
    "1": 42,
    "2": 62,
    "3": 86,
    "4": 59
  },
  "experts": {
    "0": {
      "return": 31.384401235921313,
      "cost": -319334.8236074933,
      "curtail": 405.1779499752654,
      "export": 540.9813747041585,
      "import": 568.5490195070571,
      "ramp": 717.3828197829735,
      "episodes": 20,
      "deterministic": true
    },
    "1": {
      "return": 69.85726539557155,
      "cost": -705721.2973533483,
      "curtail": 798.4076718332486,
      "export": 909.3440752386089,
      "import": 488.56258560814797,
      "ramp": 937.320548105375,
      "episodes": 20,
      "deterministic": true
    },
    "2": {
      "return": 64.91860407699352,
      "cost": -655819.9236616775,
      "curtail": 717.3094014600352,
      "export": 856.6486931246366,
      "import": 567.5582190779147,
      "ramp": 869.5506311934383,
      "episodes": 20,
      "deterministic": true
    },
    "3": {
      "return": 30.225308041070992,
      "cost": -306733.58357822604,
      "curtail": 397.38213894872126,
      "export": 530.399803649275,
      "import": 562.0526450274118,
      "ramp": 587.0191403586749,
      "episodes": 20,
      "deterministic": true
    },
    "4": {
      "return": 64.26361180756608,
      "cost": -649890.8212285003,
      "curtail": 814.3941218050259,
      "export": 899.2001517342014,
      "import": 470.2437549903504,
      "ramp": 951.8919626441811,
      "episodes": 20,
      "deterministic": true
    }
  },
  "annual_weighted": {
    "return": 46.54925679707666,
    "cost": -471415.38612203515,
    "curtail": 567.7563409335232,
    "import": 541.7557081040538,
    "export": 692.3991826454437,
    "ramp": 775.7295373043743
  }
}