{
  "return": 31.384401235921313,
  "cost": -319334.8236074933,
  "curtail": 405.1779499752654,
  "export": 540.9813747041585,
  "import": 568.5490195070571,
  "ramp": 717.3828197829735,
  "episodes": 20,
  "deterministic": true
}