{
  "return": 64.91860407699352,
  "cost": -655819.9236616775,
  "curtail": 717.3094014600352,
  "export": 856.6486931246366,
  "import": 567.5582190779147,
  "ramp": 869.5506311934383,
  "episodes": 20,
  "deterministic": true
}