{
  "return": 69.85726539557155,
  "cost": -705721.2973533483,
  "curtail": 798.4076718332486,
  "export": 909.3440752386089,
  "import": 488.56258560814797,
  "ramp": 937.320548105375,
  "episodes": 20,
  "deterministic": true
}