{
  "return": 64.26361180756608,
  "cost": -649890.8212285003,
  "curtail": 814.3941218050259,
  "export": 899.2001517342014,
  "import": 470.2437549903504,
  "ramp": 951.8919626441811,
  "episodes": 20,
  "deterministic": true
}