{
  "return": 30.225308041070992,
  "cost": -306733.58357822604,
  "curtail": 397.38213894872126,
  "export": 530.399803649275,
  "import": 562.0526450274118,
  "ramp": 587.0191403586749,
  "episodes": 20,
  "deterministic": true
}